{"entities":{"pages":{"Home":{"id":"Home","title":"It\u0027s a monorepo that\u0027s not a monorepo","url":"home.html","level":0,"tabIndex":0},"LocalDeployment":{"id":"LocalDeployment","title":"Local Deployment","url":"localdeployment.html","level":0,"tabIndex":1},"Apps":{"id":"Apps","title":"Apps","url":"apps.html","level":0,"tabIndex":2},"Libraries":{"id":"Libraries","title":"Libraries","url":"libraries.html","level":0,"tabIndex":3}}},"topLevelIds":["Home","LocalDeployment","Apps","Libraries"]}