{"entities":{"pages":{"Home":{"id":"Home","title":"EthanG Monorepo","url":"home.html","level":0,"tabIndex":0},"LocalDeployment":{"id":"LocalDeployment","title":"Local Deployment","url":"localdeployment.html","level":0,"tabIndex":1},"Apps":{"id":"Apps","title":"Apps","url":"apps.html","level":0,"tabIndex":2},"ethang-toolbelt":{"id":"ethang-toolbelt","title":"@ethang/toolbelt","url":"ethang-toolbelt.html","level":0,"pages":["API"],"tabIndex":3},"API":{"id":"API","title":"API","url":"api.html","level":1,"parentId":"ethang-toolbelt","tabIndex":0},"OtherLibraries":{"id":"OtherLibraries","title":"Other Libraries","url":"otherlibraries.html","level":0,"tabIndex":4}}},"topLevelIds":["Home","LocalDeployment","Apps","ethang-toolbelt","OtherLibraries"]}